-- phpMyAdmin SQL Dump
-- version 5.2.0
-- https://www.phpmyadmin.net/
--
-- Host: mysql_local
-- Tempo de geração: 16/07/2023 às 11:05
-- Versão do servidor: 11.0.2-MariaDB-1:11.0.2+maria~ubu2204
-- Versão do PHP: 8.1.14

SET SQL_MODE = "NO_AUTO_VALUE_ON_ZERO";
START TRANSACTION;
SET time_zone = "+00:00";


/*!40101 SET @OLD_CHARACTER_SET_CLIENT=@@CHARACTER_SET_CLIENT */;
/*!40101 SET @OLD_CHARACTER_SET_RESULTS=@@CHARACTER_SET_RESULTS */;
/*!40101 SET @OLD_COLLATION_CONNECTION=@@COLLATION_CONNECTION */;
/*!40101 SET NAMES utf8mb4 */;

--
-- Banco de dados: `intellect`
--

-- --------------------------------------------------------

--
-- Estrutura para tabela `acls`
--

CREATE TABLE `acls` (
  `id` bigint(20) UNSIGNED NOT NULL,
  `created_at` datetime(3) DEFAULT NULL,
  `updated_at` datetime(3) DEFAULT NULL,
  `deleted_at` datetime(3) DEFAULT NULL,
  `name` varchar(255) NOT NULL
) ENGINE=InnoDB DEFAULT CHARSET=utf8mb4 COLLATE=utf8mb4_general_ci;

--
-- Despejando dados para a tabela `acls`
--

INSERT INTO `acls` (`id`, `created_at`, `updated_at`, `deleted_at`, `name`) VALUES
(1, NULL, NULL, NULL, 'Admin');

-- --------------------------------------------------------

--
-- Estrutura para tabela `acl_routes`
--

CREATE TABLE `acl_routes` (
  `id` bigint(20) UNSIGNED NOT NULL,
  `created_at` datetime(3) DEFAULT NULL,
  `updated_at` datetime(3) DEFAULT NULL,
  `deleted_at` datetime(3) DEFAULT NULL,
  `route_id` bigint(20) UNSIGNED NOT NULL,
  `acl_id` bigint(20) UNSIGNED NOT NULL
) ENGINE=InnoDB DEFAULT CHARSET=utf8mb4 COLLATE=utf8mb4_general_ci;

--
-- Despejando dados para a tabela `acl_routes`
--

INSERT INTO `acl_routes` (`id`, `created_at`, `updated_at`, `deleted_at`, `route_id`, `acl_id`) VALUES
(1, NULL, NULL, NULL, 4, 1);

-- --------------------------------------------------------

--
-- Estrutura para tabela `categorias_contas_a_pagars`
--

CREATE TABLE `categorias_contas_a_pagars` (
  `id` int(10) UNSIGNED NOT NULL,
  `nome` varchar(255) NOT NULL,
  `cor` varchar(255) NOT NULL,
  `tipo` varchar(255) NOT NULL,
  `created_at` datetime(3) DEFAULT NULL,
  `updated_at` datetime(3) DEFAULT NULL,
  `deleted_at` datetime(3) DEFAULT NULL,
  `soma` double DEFAULT NULL
) ENGINE=InnoDB DEFAULT CHARSET=utf8mb3 COLLATE=utf8mb3_general_ci;

--
-- Despejando dados para a tabela `categorias_contas_a_pagars`
--

INSERT INTO `categorias_contas_a_pagars` (`id`, `nome`, `cor`, `tipo`, `created_at`, `updated_at`, `deleted_at`, `soma`) VALUES
(1, 'Essencais', '#3E6A91', 'pagamento', '2020-01-14 15:37:12.000', '2020-01-14 15:37:12.000', NULL, NULL),
(2, 'Compras', '#49325B', 'pagamento', '2020-01-14 15:56:23.000', '2020-01-14 15:56:23.000', NULL, NULL),
(3, 'Urgencias', '#b21212', 'pagamento', '2020-01-29 13:55:49.000', '2020-01-29 13:55:49.000', NULL, NULL),
(4, 'Lazer', '#5D2646', 'pagamento', '2020-01-29 13:56:18.000', '2020-01-29 13:56:18.000', NULL, NULL),
(5, 'Transporte', '#8B9197', 'pagamento', '2020-01-29 13:56:32.000', '2020-01-29 13:56:32.000', NULL, NULL),
(6, 'Alimentação', '#F76489', 'pagamento', '2020-01-29 13:56:50.000', '2020-01-29 13:56:50.000', NULL, NULL),
(7, 'Estudos', '#ff8507', 'pagamento', '2020-01-29 13:57:12.000', '2020-01-29 13:57:12.000', NULL, NULL),
(8, 'Avulsos', '#84BE25', 'pagamento', '2020-01-29 13:57:29.000', '2020-01-29 13:57:29.000', NULL, NULL),
(9, 'Empresa', '#c26fbf', 'pagamento', '2020-01-29 13:57:29.000', '2020-01-29 13:57:29.000', NULL, NULL);

-- --------------------------------------------------------

--
-- Estrutura para tabela `contas_a_pagars`
--

CREATE TABLE `contas_a_pagars` (
  `id` int(10) UNSIGNED NOT NULL,
  `user_id` int(10) UNSIGNED NOT NULL,
  `categorias_contas_a_pagar_id` int(10) UNSIGNED DEFAULT NULL,
  `favorecido` varchar(255) NOT NULL,
  `inicio_data_pagamento` datetime(3) NOT NULL,
  `fim_data_pagamento` datetime(3) DEFAULT NULL,
  `descricao` varchar(255) DEFAULT NULL,
  `forma_pagamento` varchar(255) DEFAULT NULL,
  `tipo_conta` varchar(255) DEFAULT NULL,
  `parcelas` bigint(20) DEFAULT NULL,
  `created_at` datetime(3) DEFAULT NULL,
  `updated_at` datetime(3) DEFAULT NULL,
  `deleted_at` datetime(3) DEFAULT NULL
) ENGINE=InnoDB DEFAULT CHARSET=utf8mb3 COLLATE=utf8mb3_general_ci;

--
-- Despejando dados para a tabela `contas_a_pagars`
--

INSERT INTO `contas_a_pagars` (`id`, `user_id`, `categorias_contas_a_pagar_id`, `favorecido`, `inicio_data_pagamento`, `fim_data_pagamento`, `descricao`, `forma_pagamento`, `tipo_conta`, `parcelas`, `created_at`, `updated_at`, `deleted_at`) VALUES
(91, 49, 2, 'Teste 2', '2020-11-14 00:00:00.000', '2021-02-27 00:00:00.000', 'TA ROLANDO A BIND', 'Dinheiro', 'Fixa', NULL, '2020-11-14 00:00:00.000', '2021-02-26 15:53:51.477', NULL),
(92, 49, 1, 'Telefone', '2020-11-14 00:00:00.000', NULL, '', 'Débito', 'Extra', NULL, '2020-11-14 00:00:00.000', '2021-05-10 17:07:15.972', NULL),
(93, 49, 4, 'Spotify', '2020-11-14 00:00:00.000', '2021-07-13 00:00:00.000', '', 'Cartão', 'Fixa', NULL, '2020-11-14 00:00:00.000', '2021-09-13 13:46:39.595', NULL),
(94, 49, 4, 'Steam', '2020-11-14 00:00:00.000', '2020-12-14 00:00:00.000', '2 Parcelas', 'Cartão', 'Parcelada', NULL, '2020-11-14 00:00:00.000', NULL, NULL),
(95, 49, 5, 'Seguro Carro', '2020-11-14 00:00:00.000', '2021-05-14 00:00:00.000', '', 'Débito Automatico', 'Fixa', NULL, '2020-11-14 00:00:00.000', '2021-07-20 22:11:40.701', NULL),
(96, 49, 9, 'DAS MEI', '2020-11-14 00:00:00.000', NULL, '', 'Débito Automatico', 'Fixa', NULL, '2020-11-14 00:00:00.000', '2021-10-11 12:15:45.702', NULL),
(97, 49, 6, 'Carvão', '2020-11-14 00:00:00.000', '2020-11-14 00:00:00.000', NULL, 'Cartão', 'Extra', NULL, '2020-11-14 00:00:00.000', NULL, NULL),
(98, 49, 9, 'Google Play Storage', '2020-11-14 00:00:00.000', NULL, NULL, 'Cartão', 'Fixa', NULL, '2020-11-14 00:00:00.000', NULL, NULL),
(99, 49, 5, 'Atlanta', '2020-11-14 00:00:00.000', '2020-11-14 00:00:00.000', NULL, 'Cartão', 'Extra', NULL, '2020-11-14 00:00:00.000', NULL, NULL),
(100, 49, 2, 'Amazon', '2020-11-14 00:00:00.000', '2020-11-14 00:00:00.000', NULL, 'Cartão', 'Extra', NULL, '2020-11-14 00:00:00.000', NULL, NULL),
(101, 49, 6, 'Dia', '2020-11-14 00:00:00.000', '2020-11-14 00:00:00.000', NULL, 'Cartão', 'Extra', NULL, '2020-11-14 00:00:00.000', NULL, NULL),
(102, 49, 2, 'Amazon 2 ', '2020-11-14 00:00:00.000', '2020-11-14 00:00:00.000', NULL, 'Cartão', 'Extra', NULL, '2020-11-14 00:00:00.000', NULL, NULL),
(103, 49, 1, 'Luz', '2020-11-14 00:00:00.000', NULL, '', 'Dinheiro', 'Fixa', NULL, '2020-11-14 00:00:00.000', '2021-10-11 12:15:30.808', NULL),
(104, 49, 7, 'Domestika', '2020-12-25 00:00:00.000', '2020-12-25 00:00:00.000', 'Cursos de desenho', 'Cartão', 'Extra', NULL, '2020-11-14 00:00:00.000', NULL, NULL),
(105, 49, 7, 'IOF Domestika', '2020-12-30 00:00:00.000', '2020-12-30 00:00:00.000', NULL, 'Cartão', 'Extra', NULL, '2020-11-14 00:00:00.000', NULL, NULL),
(106, 49, 4, 'Steam ', '2020-12-28 00:00:00.000', '2021-01-28 00:00:00.000', NULL, 'Cartão', 'Parcelada', NULL, '2020-11-14 00:00:00.000', NULL, NULL),
(107, 49, 8, 'Ponto Frio - Carla', '2020-12-30 00:00:00.000', '2021-04-30 00:00:00.000', '', 'Cartão', 'Parcelada', NULL, '2020-11-14 00:00:00.000', '2021-02-15 13:41:38.267', NULL),
(108, 49, 2, 'Mercado Livre - tripé', '2020-12-30 00:00:00.000', '2020-12-30 00:00:00.000', NULL, 'Cartão', 'Extra', NULL, '2020-11-14 00:00:00.000', NULL, NULL),
(109, 49, 6, 'Extra', '2020-12-30 00:00:00.000', '2020-12-30 00:00:00.000', NULL, 'Cartão', 'Extra', NULL, '2020-11-14 00:00:00.000', NULL, NULL),
(110, 49, 6, 'Extra', '2020-12-30 00:00:00.000', '2020-12-30 00:00:00.000', NULL, 'Cartão', 'Extra', NULL, '2020-11-14 00:00:00.000', NULL, NULL),
(111, 49, 6, 'Assai', '2020-12-30 00:00:00.000', '2020-12-30 00:00:00.000', NULL, 'Cartão', 'Extra', NULL, '2020-11-14 00:00:00.000', NULL, NULL),
(112, 49, 4, 'Amazon Prime', '2020-12-30 00:00:00.000', '2020-12-30 00:00:00.000', NULL, 'Cartão', 'Fixa', NULL, '2020-11-14 00:00:00.000', NULL, NULL),
(113, 49, 5, 'Uber', '2020-12-30 00:00:00.000', '2020-12-30 00:00:00.000', NULL, 'Cartão', 'Extra', NULL, '2020-11-14 00:00:00.000', NULL, NULL),
(114, 49, 5, 'Uber', '2020-12-30 00:00:00.000', '2020-12-30 00:00:00.000', NULL, 'Cartão', 'Extra', NULL, '2020-11-14 00:00:00.000', NULL, NULL),
(115, 49, 2, 'Mercado Pago', '2020-12-07 00:00:00.000', '2021-01-07 00:00:00.000', 'Pai', 'Cartão', 'Extra', NULL, '2020-11-14 00:00:00.000', NULL, NULL),
(116, 49, 6, 'ifood', '2020-12-07 00:00:00.000', '2020-12-07 00:00:00.000', NULL, 'Cartão', 'Extra', NULL, '2020-11-14 00:00:00.000', NULL, NULL),
(117, 49, 6, 'Extra', '2020-12-07 00:00:00.000', '2020-12-07 00:00:00.000', NULL, 'Cartão', 'Extra', NULL, '2020-11-14 00:00:00.000', NULL, NULL),
(118, 49, 2, 'Mercado Livre ahzeletro', '2020-12-14 00:00:00.000', '2020-12-14 00:00:00.000', NULL, 'Cartão', 'Extra', NULL, '2020-11-14 00:00:00.000', NULL, NULL),
(119, 49, 6, 'Assai', '2020-12-14 00:00:00.000', '2020-12-14 00:00:00.000', NULL, 'Cartão', 'Extra', NULL, '2020-11-14 00:00:00.000', NULL, NULL),
(120, 49, 3, 'Recarga OI', '2021-01-04 00:00:00.000', '2021-01-04 00:00:00.000', NULL, 'Cartão', 'Extra', NULL, '2020-11-14 00:00:00.000', NULL, NULL),
(121, 49, 4, 'Steam', '2021-01-04 00:00:00.000', '2021-01-04 00:00:00.000', NULL, 'Cartão', 'Extra', NULL, '2020-11-14 00:00:00.000', NULL, NULL),
(122, 49, 4, 'Steam', '2021-01-04 00:00:00.000', '2021-02-04 00:00:00.000', NULL, 'Cartão', 'Parcelada', NULL, '2020-11-14 00:00:00.000', NULL, NULL),
(123, 49, 5, 'uber', '2021-01-04 00:00:00.000', '2021-01-04 00:00:00.000', NULL, 'Cartão', 'Extra', NULL, '2020-11-14 00:00:00.000', NULL, NULL),
(124, 49, 5, 'uber', '2021-01-04 00:00:00.000', '2021-01-04 00:00:00.000', NULL, 'Cartão', 'Extra', NULL, '2020-11-14 00:00:00.000', NULL, NULL),
(125, 49, 6, 'Pinheiro', '2021-01-04 00:00:00.000', '2021-01-04 00:00:00.000', NULL, 'Cartão', 'Extra', NULL, '2020-11-14 00:00:00.000', NULL, NULL),
(126, 49, 6, 'Frigo Nobre', '2021-01-04 00:00:00.000', '2021-01-04 00:00:00.000', NULL, 'Cartão', 'Extra', NULL, '2020-11-14 00:00:00.000', NULL, NULL),
(127, 49, 6, 'Mercearia Sacolão', '2021-01-04 00:00:00.000', '2021-01-04 00:00:00.000', NULL, 'Cartão', 'Extra', NULL, '2020-11-14 00:00:00.000', NULL, NULL),
(128, 49, 5, 'IPVA', '2021-01-05 00:00:00.000', '2021-01-05 00:00:00.000', NULL, 'Débito', 'Extra', NULL, '2020-11-14 00:00:00.000', NULL, NULL),
(129, 49, 6, 'Dia', '2021-01-11 00:00:00.000', '2021-01-11 00:00:00.000', NULL, 'Cartão', 'Extra', NULL, '2020-11-14 00:00:00.000', NULL, NULL),
(136, 49, 4, 'Lojinha de 1 real', '2021-01-30 00:00:00.000', '2021-01-30 00:00:00.000', 'Comprei a cola quente e incenso', 'Cartão', 'Extra', NULL, '2021-01-30 16:56:59.379', '2021-01-30 16:56:59.379', NULL),
(137, 49, 4, 'Steam', '2021-02-15 00:00:00.000', '2021-02-15 00:00:00.000', '', 'Cartão', 'Extra', NULL, '2021-02-15 13:42:59.729', '2021-02-15 13:42:59.729', NULL),
(138, 49, 3, 'Recarga Vivo', '2021-02-15 00:00:00.000', '2021-02-15 00:00:00.000', '', 'Cartão', 'Extra', NULL, '2021-02-15 13:43:35.593', '2021-02-15 13:43:35.593', NULL),
(139, 49, 2, 'Ali Express', '2021-02-15 00:00:00.000', '2021-02-15 00:00:00.000', '', 'Cartão', 'Extra', NULL, '2021-02-15 13:44:06.848', '2021-02-15 13:44:06.848', NULL),
(140, 49, 3, 'Recarga de celular', '2021-02-15 00:00:00.000', '2021-02-15 00:00:00.000', '', 'Cartão', 'Extra', NULL, '2021-02-15 13:44:58.278', '2021-02-15 13:44:58.278', NULL),
(141, 49, 3, 'Recarga de celular', '2021-02-15 00:00:00.000', '2021-02-15 00:00:00.000', '', 'Cartão', 'Extra', NULL, '2021-02-15 13:45:30.247', '2021-02-15 13:45:30.247', NULL),
(142, 49, 6, 'ifood', '2021-02-15 00:00:00.000', '2021-02-15 00:00:00.000', '', 'Cartão', 'Extra', NULL, '2021-02-15 13:45:59.915', '2021-02-15 13:45:59.915', NULL),
(143, 49, 6, 'Mercado Dia', '2021-02-15 00:00:00.000', '2021-02-15 00:00:00.000', '', 'Cartão', 'Extra', NULL, '2021-02-15 13:51:28.903', '2021-02-15 13:51:28.903', NULL),
(144, 49, 2, 'Lojinha de 1 real', '2021-02-15 00:00:00.000', '2021-02-15 00:00:00.000', '', 'Cartão', 'Extra', NULL, '2021-02-15 13:51:46.775', '2021-02-15 13:51:46.775', NULL),
(145, 49, 2, 'Lojinha de 1 real', '2021-02-15 00:00:00.000', '2021-02-15 00:00:00.000', '', 'Cartão', 'Extra', NULL, '2021-02-15 13:52:24.085', '2021-02-15 13:52:24.085', NULL),
(146, 49, 2, 'Lojinha de 1 real', '2021-02-15 00:00:00.000', '2021-02-15 00:00:00.000', '', 'Cartão', 'Extra', NULL, '2021-02-15 13:52:39.734', '2021-02-15 13:52:39.734', NULL),
(147, 49, 6, 'Mercado Extra', '2021-02-15 00:00:00.000', '2021-02-15 00:00:00.000', '', 'Cartão', 'Extra', NULL, '2021-02-15 13:52:55.318', '2021-02-15 13:52:55.318', NULL),
(148, 49, 6, 'Sacolão', '2021-02-15 00:00:00.000', '2021-02-15 00:00:00.000', '', 'Cartão', 'Extra', NULL, '2021-02-15 13:53:20.126', '2021-02-15 13:53:20.126', NULL),
(149, 49, 3, 'Adega Riacho', '2021-02-15 00:00:00.000', '2021-02-15 00:00:00.000', '', 'Cartão', 'Extra', NULL, '2021-02-15 13:53:37.682', '2021-02-15 13:53:37.682', NULL),
(150, 49, 2, 'Lojinha de 1 real', '2021-02-15 00:00:00.000', '2021-02-15 00:00:00.000', '', 'Cartão', 'Extra', NULL, '2021-02-15 13:53:53.298', '2021-02-15 13:53:53.298', NULL),
(151, 49, 6, 'Mercado Dia', '2021-02-15 00:00:00.000', '2021-02-15 00:00:00.000', '', 'Cartão', 'Extra', NULL, '2021-02-15 13:54:04.817', '2021-02-15 13:54:04.817', NULL),
(152, 49, 5, 'Universal Peças', '2021-02-15 00:00:00.000', '2021-02-15 00:00:00.000', '', 'Cartão', 'Extra', NULL, '2021-02-15 13:54:50.406', '2021-02-15 13:54:50.406', NULL),
(153, 49, 5, 'Universal Peças', '2021-02-15 00:00:00.000', '2021-02-15 00:00:00.000', '', 'Cartão', 'Extra', NULL, '2021-02-15 13:55:06.311', '2021-02-15 13:55:06.311', NULL),
(154, 49, 5, 'Ostencell', '2021-02-15 00:00:00.000', '2021-02-15 00:00:00.000', '', 'Cartão', 'Extra', NULL, '2021-02-15 13:55:36.176', '2021-02-15 13:55:36.176', NULL),
(155, 49, 6, 'Assai', '2021-02-15 00:00:00.000', '2021-02-15 00:00:00.000', '', 'Cartão', 'Extra', NULL, '2021-02-15 13:55:52.309', '2021-02-15 13:55:52.309', NULL),
(156, 49, 5, 'Uber', '2021-02-15 00:00:00.000', '2021-02-15 00:00:00.000', '', 'Cartão', 'Extra', NULL, '2021-02-15 13:56:19.641', '2021-02-15 13:56:19.641', NULL),
(157, 49, 5, 'Uber', '2021-02-15 00:00:00.000', '2021-02-15 00:00:00.000', '', 'Cartão', 'Extra', NULL, '2021-02-15 13:56:39.301', '2021-02-15 13:56:39.301', NULL),
(158, 49, 4, 'BR - Vintage', '2021-03-15 00:00:00.000', '2021-03-15 00:00:00.000', '', 'Cartão', 'Extra', NULL, '2021-02-15 14:01:39.247', '2021-02-15 14:01:39.247', NULL),
(159, 49, 8, 'Drogaria', '2021-03-15 00:00:00.000', '2021-03-15 00:00:00.000', '', 'Cartão', 'Extra', NULL, '2021-02-15 14:02:11.173', '2021-02-15 14:02:11.173', NULL),
(160, 49, 5, 'Giza', '2021-03-15 00:00:00.000', '2021-03-15 00:00:00.000', '', 'Cartão', 'Extra', NULL, '2021-02-15 14:02:31.658', '2021-02-15 14:02:31.658', NULL),
(161, 49, 5, 'Licenciamento', '2021-02-15 00:00:00.000', '2021-02-15 00:00:00.000', '', 'Cartão', 'Extra', NULL, '2021-02-15 14:36:07.457', '2021-02-15 14:36:07.457', NULL),
(162, 49, 2, 'NUBANK', '2021-03-15 00:00:00.000', '2021-03-15 00:00:00.000', '', 'Cartão', 'Extra', NULL, '2021-03-15 14:31:38.189', '2021-03-15 14:31:38.189', NULL),
(163, 49, 2, 'SANTANDER', '2021-03-15 00:00:00.000', '2021-03-15 00:00:00.000', '', 'Cartão', 'Extra', NULL, '2021-03-15 14:35:30.571', '2021-03-15 14:35:30.571', NULL),
(164, 49, 1, 'AGUA', '2021-03-15 00:00:00.000', NULL, '', 'Dinheiro', 'Fixa', NULL, '2021-03-15 14:53:42.820', '2021-10-11 12:16:04.403', NULL),
(165, 49, 2, 'Amazon', '2021-04-30 00:00:00.000', '2021-04-30 00:00:00.000', 'Presente nenem', 'Cartão', 'Extra', NULL, '2021-04-01 00:06:22.218', '2021-04-01 20:56:01.560', NULL),
(166, 49, 1, 'Internet', '2021-04-12 00:00:00.000', NULL, '', 'Débito', 'Fixa', NULL, '2021-04-12 13:04:56.053', '2021-10-11 12:15:16.380', NULL),
(167, 49, 3, 'Fatura', '2021-05-10 00:00:00.000', '2021-05-10 00:00:00.000', '', 'Cartão', 'Extra', NULL, '2021-05-10 17:11:40.044', '2021-05-10 17:11:40.044', NULL),
(168, 49, 2, 'Nubank', '2021-05-10 00:00:00.000', '2021-05-10 00:00:00.000', '', 'Cartão', 'Extra', NULL, '2021-05-10 17:11:50.114', '2021-05-10 17:11:50.114', NULL);

-- --------------------------------------------------------

--
-- Estrutura para tabela `contas_pagas`
--

CREATE TABLE `contas_pagas` (
  `id` int(10) UNSIGNED NOT NULL,
  `contas_a_pagar_id` int(10) UNSIGNED DEFAULT NULL,
  `data_pagamento` varchar(255) NOT NULL,
  `created_at` datetime(3) DEFAULT NULL,
  `updated_at` datetime(3) DEFAULT NULL,
  `deleted_at` datetime(3) DEFAULT NULL
) ENGINE=InnoDB DEFAULT CHARSET=utf8mb3 COLLATE=utf8mb3_general_ci;

--
-- Despejando dados para a tabela `contas_pagas`
--

INSERT INTO `contas_pagas` (`id`, `contas_a_pagar_id`, `data_pagamento`, `created_at`, `updated_at`, `deleted_at`) VALUES
(86, 91, '2020-11-30', '2020-11-30 13:58:58.000', '2020-11-30 13:58:58.000', NULL),
(87, 92, '2020-11-30', '2020-11-30 13:59:00.000', '2020-11-30 13:59:00.000', NULL),
(88, 103, '2020-11-30', '2020-11-30 13:59:01.000', '2020-11-30 13:59:01.000', NULL),
(89, 103, '2020-11-30', '2020-11-30 13:59:04.000', '2020-11-30 13:59:04.000', NULL),
(90, 94, '2020-11-30', '2020-11-30 13:59:22.000', '2020-11-30 13:59:22.000', NULL),
(91, 94, '2020-11-30', '2020-11-30 13:59:24.000', '2020-11-30 13:59:24.000', NULL),
(92, 100, '2020-11-30', '2020-11-30 14:33:39.000', '2020-11-30 14:33:39.000', NULL),
(93, 100, '2020-11-30', '2020-11-30 14:33:41.000', '2020-11-30 14:33:41.000', NULL),
(94, 102, '2020-11-30', '2020-11-30 14:33:42.000', '2020-11-30 14:33:42.000', NULL),
(95, 93, '2020-11-30', '2020-11-30 14:33:45.000', '2020-11-30 14:33:45.000', NULL),
(96, 93, '2020-11-30', '2020-11-30 14:33:46.000', '2020-11-30 14:33:46.000', NULL),
(97, 95, '2020-11-30', '2020-11-30 14:33:51.000', '2020-11-30 14:33:51.000', NULL),
(98, 99, '2020-11-30', '2020-11-30 14:33:52.000', '2020-11-30 14:33:52.000', NULL),
(99, 97, '2020-11-30', '2020-11-30 14:33:53.000', '2020-11-30 14:33:53.000', NULL),
(100, 101, '2020-11-30', '2020-11-30 14:33:54.000', '2020-11-30 14:33:54.000', NULL),
(101, 96, '2020-11-30', '2020-11-30 14:33:56.000', '2020-11-30 14:33:56.000', NULL),
(102, 98, '2020-11-30', '2020-11-30 14:33:57.000', '2020-11-30 14:33:57.000', NULL),
(103, 116, '2020-12-14', '2020-12-14 14:32:53.000', '2020-12-14 14:32:53.000', NULL),
(106, 104, '2020-12-14', '2020-12-14 14:35:44.000', '2020-12-14 14:35:44.000', NULL),
(107, 105, '2020-12-14', '2020-12-14 14:35:47.000', '2020-12-14 14:35:47.000', NULL),
(108, 106, '2020-12-14', '2020-12-14 14:36:14.000', '2020-12-14 14:36:14.000', NULL),
(109, 107, '2020-12-14', '2020-12-14 14:36:26.000', '2020-12-14 14:36:26.000', NULL),
(110, 118, '2020-12-14', '2020-12-14 14:37:39.000', '2020-12-14 14:37:39.000', NULL),
(111, 118, '2020-12-14', '2020-12-14 14:37:41.000', '2020-12-14 14:37:41.000', NULL),
(112, 108, '2020-12-14', '2020-12-14 14:38:09.000', '2020-12-14 14:38:09.000', NULL),
(113, 115, '2020-12-14', '2020-12-14 14:38:32.000', '2020-12-14 14:38:32.000', NULL),
(114, 94, '2020-12-14', '2020-12-14 14:38:54.000', '2020-12-14 14:38:54.000', NULL),
(115, 91, '2021-01-14', '2020-12-14 14:40:51.000', '2020-12-14 14:40:51.000', NULL),
(117, 103, '2020-12-14', '2020-12-14 14:40:55.000', '2020-12-14 14:40:55.000', NULL),
(118, 111, '2020-12-14', '2020-12-14 14:42:57.000', '2020-12-14 14:42:57.000', NULL),
(119, 117, '2020-12-14', '2020-12-14 14:42:57.000', '2020-12-14 14:42:57.000', NULL),
(120, 119, '2020-12-14', '2020-12-14 14:42:58.000', '2020-12-14 14:42:58.000', NULL),
(121, 119, '2020-12-14', '2020-12-14 14:43:00.000', '2020-12-14 14:43:00.000', NULL),
(122, 110, '2020-12-14', '2020-12-14 14:43:05.000', '2020-12-14 14:43:05.000', NULL),
(123, 109, '2020-12-14', '2020-12-14 14:43:09.000', '2020-12-14 14:43:09.000', NULL),
(124, 93, '2020-12-14', '2020-12-14 14:43:26.000', '2020-12-14 14:43:26.000', NULL),
(125, 112, '2020-12-14', '2020-12-14 14:43:35.000', '2020-12-14 14:43:35.000', NULL),
(126, 98, '2020-12-14', '2020-12-14 14:43:38.000', '2020-12-14 14:43:38.000', NULL),
(127, 113, '2020-12-14', '2020-12-14 14:43:48.000', '2020-12-14 14:43:48.000', NULL),
(128, 114, '2020-12-14', '2020-12-14 14:43:49.000', '2020-12-14 14:43:49.000', NULL),
(129, 95, '2020-12-14', '2020-12-14 14:47:55.000', '2020-12-14 14:47:55.000', NULL),
(130, 96, '2020-12-14', '2020-12-14 14:55:08.000', '2020-12-14 14:55:08.000', NULL),
(131, 92, '2020-12-14', '2020-12-14 15:00:41.000', '2020-12-14 15:00:41.000', NULL),
(132, 128, '2021-01-05', '2021-01-05 16:42:43.000', '2021-01-05 16:42:43.000', NULL),
(133, 91, '2021-01-11', '2021-01-11 13:54:59.000', '2021-01-11 13:54:59.000', NULL),
(134, 92, '2021-01-07', '2021-02-07 19:34:52.044', '2021-02-07 19:34:52.044', NULL),
(135, 103, '2021-01-07', '2021-02-07 19:34:52.767', '2021-02-07 19:34:52.767', NULL),
(136, 124, '2021-01-07', '2021-02-07 19:34:57.493', '2021-02-07 19:34:57.493', NULL),
(137, 95, '2021-01-07', '2021-02-07 19:34:58.642', '2021-02-07 19:34:58.642', NULL),
(138, 123, '2021-01-07', '2021-02-07 19:34:59.223', '2021-02-07 19:34:59.223', NULL),
(139, 125, '2021-01-07', '2021-02-07 19:35:02.634', '2021-02-07 19:35:02.634', NULL),
(140, 126, '2021-01-07', '2021-02-07 19:35:03.354', '2021-02-07 19:35:03.354', NULL),
(141, 127, '2021-01-07', '2021-02-07 19:35:04.842', '2021-02-07 19:35:04.842', NULL),
(142, 129, '2021-01-07', '2021-02-07 19:35:05.475', '2021-02-07 19:35:05.475', NULL),
(143, 120, '2021-01-07', '2021-02-07 19:35:06.422', '2021-02-07 19:35:06.422', NULL),
(144, 115, '2021-01-07', '2021-02-07 19:35:11.981', '2021-02-07 19:35:11.981', NULL),
(145, 93, '2021-01-07', '2021-02-07 19:35:14.707', '2021-02-07 19:35:14.707', NULL),
(146, 106, '2021-01-07', '2021-02-07 19:35:15.203', '2021-02-07 19:35:15.203', NULL),
(147, 121, '2021-01-07', '2021-02-07 19:35:15.700', '2021-02-07 19:35:15.700', NULL),
(148, 122, '2021-01-07', '2021-02-07 19:35:16.186', '2021-02-07 19:35:16.186', NULL),
(149, 136, '2021-01-07', '2021-02-07 19:35:16.795', '2021-02-07 19:35:16.795', NULL),
(150, 98, '2021-01-07', '2021-02-07 19:35:20.881', '2021-02-07 19:35:20.881', NULL),
(151, 96, '2021-01-07', '2021-02-07 19:35:21.425', '2021-02-07 19:35:21.425', NULL),
(152, 107, '2021-01-07', '2021-02-07 19:35:22.197', '2021-02-07 19:35:22.197', NULL),
(154, 103, '2021-02-15', '2021-02-15 13:27:53.864', '2021-02-15 13:27:53.864', NULL),
(155, 103, '2021-02-15', '2021-02-15 13:28:00.039', '2021-02-15 13:28:00.039', NULL),
(156, 92, '2021-02-15', '2021-02-15 13:30:10.838', '2021-02-15 13:30:10.838', NULL),
(157, 96, '2021-02-15', '2021-02-15 13:37:15.585', '2021-02-15 13:37:15.585', NULL),
(158, 95, '2021-02-15', '2021-02-15 13:40:15.034', '2021-02-15 13:40:15.034', NULL),
(159, 144, '2021-02-15', '2021-02-15 13:58:22.624', '2021-02-15 13:58:22.624', NULL),
(160, 145, '2021-02-15', '2021-02-15 13:58:23.316', '2021-02-15 13:58:23.316', NULL),
(161, 146, '2021-02-15', '2021-02-15 13:58:23.836', '2021-02-15 13:58:23.836', NULL),
(162, 150, '2021-02-15', '2021-02-15 13:58:24.471', '2021-02-15 13:58:24.471', NULL),
(163, 93, '2021-02-15', '2021-02-15 13:58:25.959', '2021-02-15 13:58:25.959', NULL),
(164, 143, '2021-02-15', '2021-02-15 13:58:30.547', '2021-02-15 13:58:30.547', NULL),
(165, 147, '2021-02-15', '2021-02-15 13:58:31.063', '2021-02-15 13:58:31.063', NULL),
(166, 148, '2021-02-15', '2021-02-15 13:58:31.584', '2021-02-15 13:58:31.584', NULL),
(167, 151, '2021-02-15', '2021-02-15 13:58:32.310', '2021-02-15 13:58:32.310', NULL),
(168, 155, '2021-02-15', '2021-02-15 13:58:32.915', '2021-02-15 13:58:32.915', NULL),
(169, 156, '2021-02-15', '2021-02-15 13:58:34.323', '2021-02-15 13:58:34.323', NULL),
(170, 157, '2021-02-15', '2021-02-15 13:58:34.905', '2021-02-15 13:58:34.905', NULL),
(171, 154, '2021-02-15', '2021-02-15 13:58:35.854', '2021-02-15 13:58:35.854', NULL),
(172, 153, '2021-02-15', '2021-02-15 13:58:36.713', '2021-02-15 13:58:36.713', NULL),
(173, 152, '2021-02-15', '2021-02-15 13:58:37.172', '2021-02-15 13:58:37.172', NULL),
(174, 149, '2021-02-15', '2021-02-15 13:58:40.219', '2021-02-15 13:58:40.219', NULL),
(175, 98, '2021-02-15', '2021-02-15 13:58:43.525', '2021-02-15 13:58:43.525', NULL),
(176, 161, '2021-02-15', '2021-02-15 14:36:10.026', '2021-02-15 14:36:10.026', NULL),
(177, 139, '2021-02-22', '2021-02-22 13:50:05.475', '2021-02-22 13:50:05.475', NULL),
(179, 140, '2021-02-22', '2021-02-22 13:50:07.747', '2021-02-22 13:50:07.747', NULL),
(180, 122, '2021-02-22', '2021-02-22 13:50:09.409', '2021-02-22 13:50:09.409', NULL),
(181, 137, '2021-02-22', '2021-02-22 13:50:09.943', '2021-02-22 13:50:09.943', NULL),
(182, 107, '2021-02-22', '2021-02-22 13:50:11.463', '2021-02-22 13:50:11.463', NULL),
(183, 142, '2021-02-22', '2021-02-22 13:50:13.120', '2021-02-22 13:50:13.120', NULL),
(184, 141, '2021-02-22', '2021-02-22 13:50:15.658', '2021-02-22 13:50:15.658', NULL),
(185, 91, '', '2021-02-26 16:02:17.877', '2021-02-26 16:02:17.877', NULL),
(186, 91, '', '2021-02-26 16:02:30.004', '2021-02-26 16:02:30.004', NULL),
(187, 91, '', '2021-02-26 16:03:33.945', '2021-02-26 16:03:33.945', NULL),
(188, 91, '', '2021-02-26 16:03:42.525', '2021-02-26 16:03:42.525', NULL),
(189, 91, '', '2021-02-26 16:03:54.922', '2021-02-26 16:03:54.922', NULL),
(190, 91, '', '2021-02-26 16:05:46.768', '2021-02-26 16:05:46.768', NULL),
(191, 91, '', '2021-02-26 16:06:15.175', '2021-02-26 16:06:15.175', NULL),
(192, 91, '', '2021-02-26 16:06:41.743', '2021-02-26 16:06:41.743', NULL),
(193, 91, '', '2021-02-26 16:06:49.551', '2021-02-26 16:06:49.551', NULL),
(194, 91, '', '2021-02-26 16:07:08.139', '2021-02-26 16:07:08.139', NULL),
(195, 91, '', '2021-02-26 16:07:26.959', '2021-02-26 16:07:26.959', NULL),
(200, 138, '2021-02-26', '2021-02-26 16:11:22.637', '2021-02-26 16:11:22.637', NULL),
(201, 91, '2021-02-11', '2021-03-01 14:37:19.744', '2021-03-01 14:37:19.744', NULL),
(204, 103, '2021-03-15', '2021-03-15 14:32:09.095', '2021-03-15 14:32:09.095', NULL),
(205, 158, '2021-03-15', '2021-03-15 14:32:22.000', '2021-03-15 14:32:22.000', NULL),
(206, 160, '2021-03-15', '2021-03-15 14:32:23.060', '2021-03-15 14:32:23.060', NULL),
(208, 159, '2021-03-15', '2021-03-15 14:32:32.778', '2021-03-15 14:32:32.778', NULL),
(209, 107, '2021-03-15', '2021-03-15 14:34:11.704', '2021-03-15 14:34:11.704', NULL),
(210, 93, '2021-03-08', '2021-03-15 14:34:24.548', '2021-03-15 14:34:24.548', NULL),
(211, 163, '2021-03-08', '2021-03-15 14:35:33.845', '2021-03-15 14:35:33.845', NULL),
(212, 98, '2021-03-08', '2021-03-15 14:35:37.238', '2021-03-15 14:35:37.238', NULL),
(213, 95, '2021-03-08', '2021-03-15 14:38:39.475', '2021-03-15 14:38:39.475', NULL),
(214, 96, '2021-03-08', '2021-03-15 14:47:05.655', '2021-03-15 14:47:05.655', NULL),
(215, 164, '2021-03-08', '2021-03-15 14:53:44.724', '2021-03-15 14:53:44.724', NULL),
(217, 92, '2021-03-31', '2021-03-31 22:21:47.817', '2021-03-31 22:21:47.817', NULL),
(218, 162, '2021-03-31', '2021-03-31 23:42:08.056', '2021-03-31 23:42:08.056', NULL),
(221, 103, '2021-04-12', '2021-04-12 13:02:46.437', '2021-04-12 13:02:46.437', NULL),
(222, 164, '2021-04-12', '2021-04-12 13:02:48.027', '2021-04-12 13:02:48.027', NULL),
(223, 92, '2021-04-19', '2021-04-19 14:56:57.059', '2021-04-19 14:56:57.059', NULL),
(224, 166, '2021-04-19', '2021-04-19 14:57:10.974', '2021-04-19 14:57:10.974', NULL),
(225, 165, '2021-04-19', '2021-04-19 14:57:12.590', '2021-04-19 14:57:12.590', NULL),
(226, 93, '2021-04-19', '2021-04-19 14:57:14.470', '2021-04-19 14:57:14.470', NULL),
(227, 95, '2021-04-19', '2021-04-19 14:57:16.064', '2021-04-19 14:57:16.064', NULL),
(228, 107, '2021-04-19', '2021-04-19 14:57:27.721', '2021-04-19 14:57:27.721', NULL),
(229, 96, '2021-04-10', '2021-05-10 17:12:04.662', '2021-05-10 17:12:04.662', NULL),
(230, 98, '2021-04-10', '2021-05-10 17:12:05.886', '2021-05-10 17:12:05.886', NULL),
(231, 96, '2021-05-10', '2021-05-10 17:13:56.264', '2021-05-10 17:13:56.264', NULL),
(232, 92, '2021-07-20', '2021-07-20 22:11:15.139', '2021-07-20 22:11:15.139', NULL),
(233, 103, '2021-07-20', '2021-07-20 22:11:16.249', '2021-07-20 22:11:16.249', NULL),
(234, 164, '2021-07-20', '2021-07-20 22:11:17.536', '2021-07-20 22:11:17.536', NULL),
(235, 166, '2021-07-20', '2021-07-20 22:11:18.586', '2021-07-20 22:11:18.586', NULL),
(236, 93, '2021-07-20', '2021-07-20 22:11:20.868', '2021-07-20 22:11:20.868', NULL),
(237, 98, '2021-07-20', '2021-07-20 22:11:48.132', '2021-07-20 22:11:48.132', NULL);

-- --------------------------------------------------------

--
-- Estrutura para tabela `migrations`
--

CREATE TABLE `migrations` (
  `id` int(10) UNSIGNED NOT NULL,
  `name` varchar(255) DEFAULT NULL,
  `batch` int(11) DEFAULT NULL,
  `migration_time` timestamp NOT NULL DEFAULT current_timestamp() ON UPDATE current_timestamp()
) ENGINE=InnoDB DEFAULT CHARSET=utf8mb3 COLLATE=utf8mb3_general_ci;

--
-- Despejando dados para a tabela `migrations`
--

INSERT INTO `migrations` (`id`, `name`, `batch`, `migration_time`) VALUES
(7, '20201010195800_users.ts', 1, '2020-10-10 20:23:01'),
(8, '20201014035645_valores_contas_a_pagars.ts', 2, '2020-10-14 04:03:35');

-- --------------------------------------------------------

--
-- Estrutura para tabela `migrations_lock`
--

CREATE TABLE `migrations_lock` (
  `index` int(10) UNSIGNED NOT NULL,
  `is_locked` int(11) DEFAULT NULL
) ENGINE=InnoDB DEFAULT CHARSET=utf8mb3 COLLATE=utf8mb3_general_ci;

--
-- Despejando dados para a tabela `migrations_lock`
--

INSERT INTO `migrations_lock` (`index`, `is_locked`) VALUES
(1, 0);

-- --------------------------------------------------------

--
-- Estrutura para tabela `users`
--

CREATE TABLE `users` (
  `id` int(10) UNSIGNED NOT NULL,
  `name` varchar(255) NOT NULL,
  `email` varchar(255) NOT NULL,
  `password` varchar(255) NOT NULL,
  `created_at` datetime(3) DEFAULT NULL,
  `updated_at` datetime(3) DEFAULT NULL,
  `deleted_at` datetime(3) DEFAULT NULL,
  `cpf` varchar(15) NOT NULL
) ENGINE=InnoDB DEFAULT CHARSET=utf8mb3 COLLATE=utf8mb3_general_ci;

--
-- Despejando dados para a tabela `users`
--

INSERT INTO `users` (`id`, `name`, `email`, `password`, `created_at`, `updated_at`, `deleted_at`, `cpf`) VALUES
(1, 'jorge', 'jorgeserranojunior@gmail.com', '$2a$10$cHuvzhAaDDt6n8MeIRp9UuCkKzW.y7FaBT0KOxN3Pu8t6UIoIl6hm', NULL, NULL, NULL, ''),
(49, 'Jorgx', 'jorgeserranojunior@hotmail.com', '$2a$10$cHuvzhAaDDt6n8MeIRp9UuCkKzW.y7FaBT0KOxN3Pu8t6UIoIl6hm', NULL, NULL, NULL, '');

-- --------------------------------------------------------

--
-- Estrutura para tabela `users_tests`
--

CREATE TABLE `users_tests` (
  `id` bigint(20) UNSIGNED NOT NULL,
  `created_at` datetime(3) DEFAULT NULL,
  `updated_at` datetime(3) DEFAULT NULL,
  `deleted_at` datetime(3) DEFAULT NULL,
  `name` varchar(255) NOT NULL,
  `email` varchar(255) NOT NULL
) ENGINE=InnoDB DEFAULT CHARSET=latin1 COLLATE=latin1_swedish_ci;

-- --------------------------------------------------------

--
-- Estrutura para tabela `user_acls`
--

CREATE TABLE `user_acls` (
  `id` bigint(20) UNSIGNED NOT NULL,
  `created_at` datetime(3) DEFAULT NULL,
  `updated_at` datetime(3) DEFAULT NULL,
  `deleted_at` datetime(3) DEFAULT NULL,
  `user_id` bigint(20) UNSIGNED NOT NULL,
  `acl_id` bigint(20) UNSIGNED NOT NULL
) ENGINE=InnoDB DEFAULT CHARSET=utf8mb4 COLLATE=utf8mb4_general_ci;

--
-- Despejando dados para a tabela `user_acls`
--

INSERT INTO `user_acls` (`id`, `created_at`, `updated_at`, `deleted_at`, `user_id`, `acl_id`) VALUES
(1, NULL, NULL, NULL, 49, 1);

-- --------------------------------------------------------

--
-- Estrutura para tabela `valores_contas_a_pagars`
--

CREATE TABLE `valores_contas_a_pagars` (
  `id` int(10) UNSIGNED NOT NULL,
  `contas_a_pagar_id` int(10) UNSIGNED DEFAULT NULL,
  `data_pagamento` varchar(255) DEFAULT NULL,
  `valor` double DEFAULT NULL,
  `created_at` datetime(3) DEFAULT NULL,
  `updated_at` datetime(3) DEFAULT NULL,
  `deleted_at` datetime(3) DEFAULT NULL
) ENGINE=InnoDB DEFAULT CHARSET=utf8mb3 COLLATE=utf8mb3_general_ci;

--
-- Despejando dados para a tabela `valores_contas_a_pagars`
--

INSERT INTO `valores_contas_a_pagars` (`id`, `contas_a_pagar_id`, `data_pagamento`, `valor`, `created_at`, `updated_at`, `deleted_at`) VALUES
(12, 92, '2020-11-14', 147, '2020-11-14 00:00:00.000', NULL, NULL),
(13, 93, '2020-11-14', 17, '2020-11-14 00:00:00.000', NULL, NULL),
(14, 94, '2020-11-14', 0, '2020-11-14 00:00:00.000', NULL, NULL),
(15, 95, '2020-11-14', 110, '2020-11-14 00:00:00.000', NULL, NULL),
(16, 96, '2020-11-14', 55, '2020-11-14 00:00:00.000', NULL, NULL),
(17, 97, '2020-11-14', 7, '2020-11-14 00:00:00.000', NULL, NULL),
(18, 98, '2020-11-14', 7, '2020-11-14 00:00:00.000', NULL, NULL),
(19, 99, '2020-11-14', 143, '2020-11-14 00:00:00.000', NULL, NULL),
(20, 100, '2020-11-14', 450, '2020-11-14 00:00:00.000', NULL, NULL),
(21, 101, '2020-11-14', 72, '2020-11-14 00:00:00.000', NULL, NULL),
(22, 102, '2020-11-14', 52, '2020-11-14 00:00:00.000', NULL, NULL),
(23, 103, '2020-11-14', 158, '2020-11-14 00:00:00.000', NULL, NULL),
(24, 104, '2020-12-25', 103, '2020-11-14 00:00:00.000', NULL, NULL),
(25, 105, '2020-12-30', 7, '2020-11-14 00:00:00.000', NULL, NULL),
(26, 106, '2020-12-30', 26, '2020-11-14 00:00:00.000', NULL, NULL),
(27, 94, '2020-11-30', 28, '2020-11-14 00:00:00.000', NULL, NULL),
(28, 107, '2020-12-30', 220, '2020-11-14 00:00:00.000', NULL, NULL),
(29, 108, '2020-12-30', 119, '2020-11-14 00:00:00.000', NULL, NULL),
(30, 106, 'undefined', 28, '2020-11-14 00:00:00.000', NULL, NULL),
(31, 95, '2020-11-30', 120, '2020-11-14 00:00:00.000', NULL, NULL),
(32, 96, '2020-11-30', 57, '2020-11-14 00:00:00.000', NULL, NULL),
(33, 109, '2020-12-30', 46, '2020-11-14 00:00:00.000', NULL, NULL),
(34, 110, '2020-12-30', 13, '2020-11-14 00:00:00.000', NULL, NULL),
(35, 111, '2020-12-30', 70, '2020-11-14 00:00:00.000', NULL, NULL),
(36, 112, '2020-12-30', 10, '2020-11-14 00:00:00.000', NULL, NULL),
(37, 113, '2020-12-30', 41, '2020-11-14 00:00:00.000', NULL, NULL),
(38, 114, '2020-12-30', 14, '2020-11-14 00:00:00.000', NULL, NULL),
(39, 91, '2020-11-14', 80.5, '2020-11-14 00:00:00.000', NULL, NULL),
(40, 103, '2020-12-30', 80, '2020-11-14 00:00:00.000', NULL, NULL),
(41, 115, '2020-12-07', 220, '2020-11-14 00:00:00.000', NULL, NULL),
(42, 116, '2020-12-07', 33, '2020-11-14 00:00:00.000', NULL, NULL),
(43, 117, '2020-12-07', 19, '2020-11-14 00:00:00.000', NULL, NULL),
(44, 115, '2020-12-14', 110, '2020-11-14 00:00:00.000', NULL, NULL),
(45, 118, '2020-12-14', 81, '2020-11-14 00:00:00.000', NULL, NULL),
(46, 117, '2020-12-14', 19, '2020-11-14 00:00:00.000', NULL, NULL),
(47, 119, '2020-12-14', 43, '2020-11-14 00:00:00.000', NULL, NULL),
(48, 120, '2021-01-04', 10, '2020-11-14 00:00:00.000', NULL, NULL),
(49, 121, '2021-01-04', 28, '2020-11-14 00:00:00.000', NULL, NULL),
(50, 122, '2021-01-04', 24, '2020-11-14 00:00:00.000', NULL, NULL),
(51, 112, '2021-01-04', 10, '2020-11-14 00:00:00.000', NULL, NULL),
(52, 123, '2021-01-04', 91, '2020-11-14 00:00:00.000', NULL, NULL),
(53, 124, '2021-01-04', 18, '2020-11-14 00:00:00.000', NULL, NULL),
(54, 125, '2021-01-04', 13, '2020-11-14 00:00:00.000', NULL, NULL),
(55, 126, '2021-01-04', 36, '2020-11-14 00:00:00.000', NULL, NULL),
(56, 127, '2021-01-04', 10, '2020-11-14 00:00:00.000', NULL, NULL),
(57, 128, '2021-01-05', 536, '2020-11-14 00:00:00.000', NULL, NULL),
(58, 129, '2021-01-11', 25, '2020-11-14 00:00:00.000', NULL, NULL),
(64, 136, '2021-01-30', 8, '2021-01-30 16:56:59.380', '2021-01-30 16:56:59.380', NULL),
(86, 91, '2020-11-14', 112, '2021-02-02 05:40:10.001', '2021-02-02 05:42:28.628', NULL),
(94, 91, '2020-01-15', 114, '2021-02-03 05:07:56.617', '2021-02-03 05:08:53.485', NULL),
(95, 92, '14/11/2020', 80, '2021-02-03 05:14:31.759', '2021-02-03 05:24:33.816', NULL),
(96, 91, '2020-01-15', 114, '2021-02-03 05:27:16.744', '2021-02-17 19:30:21.263', NULL),
(98, 92, '2021-02-03', 95, '2021-02-03 05:29:19.491', '2021-02-03 05:29:19.491', NULL),
(99, 107, '2021-02-15', 219, '2021-02-15 13:41:38.263', '2021-02-15 13:41:38.263', NULL),
(100, 137, '2021-02-15', 7, '2021-02-15 13:42:59.730', '2021-02-15 13:42:59.730', NULL),
(101, 138, '2021-02-15', 10, '2021-02-15 13:43:35.593', '2021-02-15 13:43:35.593', NULL),
(102, 139, '2021-02-15', 97, '2021-02-15 13:44:06.849', '2021-02-15 13:44:06.849', NULL),
(103, 140, '2021-02-15', 10, '2021-02-15 13:44:58.279', '2021-02-15 13:44:58.279', NULL),
(104, 141, '2021-02-15', 10, '2021-02-15 13:45:30.248', '2021-02-15 13:45:30.248', NULL),
(105, 142, '2021-02-15', 45, '2021-02-15 13:45:59.916', '2021-02-15 13:45:59.916', NULL),
(106, 143, '2021-02-15', 16, '2021-02-15 13:51:28.904', '2021-02-15 13:51:28.904', NULL),
(107, 144, '2021-02-15', 8, '2021-02-15 13:51:46.776', '2021-02-15 13:51:46.776', NULL),
(108, 145, '2021-02-15', 7, '2021-02-15 13:52:24.086', '2021-02-15 13:52:24.086', NULL),
(109, 146, '2021-02-15', 8, '2021-02-15 13:52:39.734', '2021-02-15 13:52:39.734', NULL),
(110, 147, '2021-02-15', 28, '2021-02-15 13:52:55.318', '2021-02-15 13:52:55.318', NULL),
(111, 148, '2021-02-15', 32, '2021-02-15 13:53:20.127', '2021-02-15 13:53:20.127', NULL),
(112, 149, '2021-02-15', 42, '2021-02-15 13:53:37.682', '2021-02-15 13:53:37.682', NULL),
(113, 150, '2021-02-15', 8, '2021-02-15 13:53:53.299', '2021-02-15 13:53:53.299', NULL),
(114, 151, '2021-02-15', 16, '2021-02-15 13:54:04.818', '2021-02-15 13:54:04.818', NULL),
(115, 152, '2021-02-15', 20, '2021-02-15 13:54:50.407', '2021-02-15 13:54:50.407', NULL),
(116, 153, '2021-02-15', 150, '2021-02-15 13:55:06.312', '2021-02-15 13:55:06.312', NULL),
(117, 154, '2021-02-15', 40, '2021-02-15 13:55:36.177', '2021-02-15 13:55:36.177', NULL),
(118, 155, '2021-02-15', 74, '2021-02-15 13:55:52.310', '2021-02-15 13:55:52.310', NULL),
(119, 156, '2021-02-15', 13, '2021-02-15 13:56:19.642', '2021-02-15 13:56:19.642', NULL),
(120, 157, '2021-02-15', 44, '2021-02-15 13:56:39.302', '2021-02-15 13:56:39.302', NULL),
(121, 158, '2021-03-15', 67, '2021-02-15 14:01:39.248', '2021-02-15 14:01:39.248', NULL),
(122, 159, '2021-03-15', 33, '2021-02-15 14:02:11.173', '2021-02-15 14:02:11.173', NULL),
(123, 160, '2021-03-15', 50, '2021-02-15 14:02:31.659', '2021-02-15 14:02:31.659', NULL),
(124, 161, '2021-02-15', 97, '2021-02-15 14:36:07.457', '2021-02-15 14:36:07.457', NULL),
(125, 91, '2020-01-15', 114, '2021-02-17 19:30:41.619', '2021-02-17 19:32:00.185', NULL),
(126, 91, '2020-02-15', 114, '2021-02-17 19:32:10.017', '2021-02-17 19:32:10.017', NULL),
(127, 95, '2021-02-17', 120, '2021-02-17 21:46:32.262', '2021-02-17 21:46:32.262', NULL),
(131, 91, '2021-02-26', 115, '2021-02-26 15:53:44.566', '2021-02-26 15:53:51.473', NULL),
(132, 162, '2021-03-15', 266, '2021-03-15 14:31:38.230', '2021-03-15 14:31:38.230', NULL),
(133, 163, '2021-03-08', 138, '2021-03-15 14:35:30.573', '2021-03-15 14:35:30.573', NULL),
(134, 164, '2021-03-08', 80, '2021-03-15 14:53:42.821', '2021-03-15 14:53:42.821', NULL),
(135, 165, '2021-03-01', 50, '2021-04-01 00:06:22.220', '2021-04-01 20:41:49.332', NULL),
(136, 93, '2021-04-01', 17, '2021-04-01 20:22:42.010', '2021-04-01 20:22:42.010', NULL),
(137, 165, '2021-04-01', 150, '2021-04-01 20:56:01.549', '2021-04-01 20:56:01.549', NULL),
(138, 103, '2021-04-12', 100, '2021-04-12 13:03:01.126', '2021-04-12 13:03:01.126', NULL),
(139, 164, '2021-04-12', 30, '2021-04-12 13:03:05.799', '2021-04-12 13:03:05.799', NULL),
(140, 92, '2021-04-12', 130, '2021-04-12 13:03:22.416', '2021-04-12 13:03:56.907', NULL),
(141, 166, '2021-04-19', 46, '2021-04-12 13:04:56.056', '2021-04-19 14:57:07.972', NULL),
(142, 103, '2021-05-10', 125, '2021-05-10 17:06:54.245', '2021-05-10 17:06:54.245', NULL),
(143, 164, '2021-05-10', 54, '2021-05-10 17:07:04.107', '2021-05-10 17:07:04.107', NULL),
(144, 92, '2021-05-10', 50, '2021-05-10 17:07:15.964', '2021-05-10 17:07:15.964', NULL),
(145, 167, '2021-05-10', 1407, '2021-05-10 17:11:40.147', '2021-05-10 17:11:40.147', NULL),
(146, 168, '2021-05-10', 116, '2021-05-10 17:11:50.115', '2021-05-10 17:11:50.115', NULL),
(147, 95, '2021-06-20', 120, '2021-07-20 22:11:40.699', '2021-07-20 22:11:40.699', NULL),
(148, 93, '2021-09-13', 17, '2021-09-13 13:46:39.591', '2021-09-13 13:46:39.591', NULL),
(149, 166, '2021-10-11', 130, '2021-10-11 12:15:16.316', '2021-10-11 12:15:16.316', NULL),
(150, 103, '2021-10-11', 145, '2021-10-11 12:15:30.806', '2021-10-11 12:15:30.806', NULL),
(151, 96, '2021-10-11', 60, '2021-10-11 12:15:45.700', '2021-10-11 12:15:45.700', NULL),
(152, 164, '2021-10-11', 58.49, '2021-10-11 12:16:04.401', '2021-10-11 12:16:04.401', NULL);

--
-- Índices para tabelas despejadas
--

--
-- Índices de tabela `acls`
--
ALTER TABLE `acls`
  ADD PRIMARY KEY (`id`),
  ADD KEY `idx_acls_deleted_at` (`deleted_at`);

--
-- Índices de tabela `acl_routes`
--
ALTER TABLE `acl_routes`
  ADD PRIMARY KEY (`id`),
  ADD KEY `idx_acl_routes_deleted_at` (`deleted_at`),
  ADD KEY `fk_acls_route_ref` (`acl_id`);

--
-- Índices de tabela `categorias_contas_a_pagars`
--
ALTER TABLE `categorias_contas_a_pagars`
  ADD PRIMARY KEY (`id`),
  ADD UNIQUE KEY `cor` (`cor`),
  ADD KEY `idx_categorias_contas_a_pagars_deleted_at` (`deleted_at`);

--
-- Índices de tabela `contas_a_pagars`
--
ALTER TABLE `contas_a_pagars`
  ADD PRIMARY KEY (`id`),
  ADD KEY `contas_a_pagars_user_id_foreign_idx` (`user_id`),
  ADD KEY `contas_a_pagars_categoria_id_foreign` (`categorias_contas_a_pagar_id`),
  ADD KEY `idx_contas_a_pagars_deleted_at` (`deleted_at`);

--
-- Índices de tabela `contas_pagas`
--
ALTER TABLE `contas_pagas`
  ADD PRIMARY KEY (`id`),
  ADD KEY `contas_a_pagar_id` (`contas_a_pagar_id`),
  ADD KEY `idx_contas_pagas_deleted_at` (`deleted_at`);

--
-- Índices de tabela `migrations`
--
ALTER TABLE `migrations`
  ADD PRIMARY KEY (`id`);

--
-- Índices de tabela `migrations_lock`
--
ALTER TABLE `migrations_lock`
  ADD PRIMARY KEY (`index`);

--
-- Índices de tabela `users`
--
ALTER TABLE `users`
  ADD PRIMARY KEY (`id`),
  ADD UNIQUE KEY `users_email_unique` (`email`),
  ADD UNIQUE KEY `email` (`email`),
  ADD KEY `idx_users_deleted_at` (`deleted_at`);

--
-- Índices de tabela `users_tests`
--
ALTER TABLE `users_tests`
  ADD PRIMARY KEY (`id`),
  ADD UNIQUE KEY `email` (`email`),
  ADD KEY `idx_users_tests_deleted_at` (`deleted_at`);

--
-- Índices de tabela `user_acls`
--
ALTER TABLE `user_acls`
  ADD PRIMARY KEY (`id`),
  ADD KEY `idx_user_acls_deleted_at` (`deleted_at`),
  ADD KEY `fk_user_acls_acl_ref` (`acl_id`);

--
-- Índices de tabela `valores_contas_a_pagars`
--
ALTER TABLE `valores_contas_a_pagars`
  ADD PRIMARY KEY (`id`),
  ADD KEY `fk_contas_a_pagars_valores_contas_a_pagar` (`contas_a_pagar_id`),
  ADD KEY `idx_valores_contas_a_pagars_deleted_at` (`deleted_at`);

--
-- AUTO_INCREMENT para tabelas despejadas
--

--
-- AUTO_INCREMENT de tabela `acls`
--
ALTER TABLE `acls`
  MODIFY `id` bigint(20) UNSIGNED NOT NULL AUTO_INCREMENT, AUTO_INCREMENT=2;

--
-- AUTO_INCREMENT de tabela `acl_routes`
--
ALTER TABLE `acl_routes`
  MODIFY `id` bigint(20) UNSIGNED NOT NULL AUTO_INCREMENT, AUTO_INCREMENT=2;

--
-- AUTO_INCREMENT de tabela `categorias_contas_a_pagars`
--
ALTER TABLE `categorias_contas_a_pagars`
  MODIFY `id` int(10) UNSIGNED NOT NULL AUTO_INCREMENT, AUTO_INCREMENT=10;

--
-- AUTO_INCREMENT de tabela `contas_a_pagars`
--
ALTER TABLE `contas_a_pagars`
  MODIFY `id` int(10) UNSIGNED NOT NULL AUTO_INCREMENT, AUTO_INCREMENT=169;

--
-- AUTO_INCREMENT de tabela `contas_pagas`
--
ALTER TABLE `contas_pagas`
  MODIFY `id` int(10) UNSIGNED NOT NULL AUTO_INCREMENT, AUTO_INCREMENT=238;

--
-- AUTO_INCREMENT de tabela `migrations`
--
ALTER TABLE `migrations`
  MODIFY `id` int(10) UNSIGNED NOT NULL AUTO_INCREMENT, AUTO_INCREMENT=9;

--
-- AUTO_INCREMENT de tabela `migrations_lock`
--
ALTER TABLE `migrations_lock`
  MODIFY `index` int(10) UNSIGNED NOT NULL AUTO_INCREMENT, AUTO_INCREMENT=2;

--
-- AUTO_INCREMENT de tabela `users`
--
ALTER TABLE `users`
  MODIFY `id` int(10) UNSIGNED NOT NULL AUTO_INCREMENT, AUTO_INCREMENT=50;

--
-- AUTO_INCREMENT de tabela `users_tests`
--
ALTER TABLE `users_tests`
  MODIFY `id` bigint(20) UNSIGNED NOT NULL AUTO_INCREMENT;

--
-- AUTO_INCREMENT de tabela `user_acls`
--
ALTER TABLE `user_acls`
  MODIFY `id` bigint(20) UNSIGNED NOT NULL AUTO_INCREMENT, AUTO_INCREMENT=2;

--
-- AUTO_INCREMENT de tabela `valores_contas_a_pagars`
--
ALTER TABLE `valores_contas_a_pagars`
  MODIFY `id` int(10) UNSIGNED NOT NULL AUTO_INCREMENT, AUTO_INCREMENT=153;

--
-- Restrições para tabelas despejadas
--

--
-- Restrições para tabelas `acl_routes`
--
ALTER TABLE `acl_routes`
  ADD CONSTRAINT `fk_acls_route_ref` FOREIGN KEY (`acl_id`) REFERENCES `acls` (`id`);

--
-- Restrições para tabelas `contas_a_pagars`
--
ALTER TABLE `contas_a_pagars`
  ADD CONSTRAINT `contas_a_pagars_categoria_id_foreign` FOREIGN KEY (`categorias_contas_a_pagar_id`) REFERENCES `categorias_contas_a_pagars` (`id`) ON DELETE SET NULL,
  ADD CONSTRAINT `contas_a_pagars_user_id_foreign` FOREIGN KEY (`user_id`) REFERENCES `users` (`id`) ON DELETE CASCADE ON UPDATE CASCADE,
  ADD CONSTRAINT `fk_categorias_contas_a_pagars_contas_a_pagar` FOREIGN KEY (`categorias_contas_a_pagar_id`) REFERENCES `categorias_contas_a_pagars` (`id`),
  ADD CONSTRAINT `fk_categorias_contas_a_pagars_contas_a_pagars` FOREIGN KEY (`categorias_contas_a_pagar_id`) REFERENCES `categorias_contas_a_pagars` (`id`),
  ADD CONSTRAINT `fk_contas_a_pagars_user_ref` FOREIGN KEY (`user_id`) REFERENCES `users` (`id`);

--
-- Restrições para tabelas `contas_pagas`
--
ALTER TABLE `contas_pagas`
  ADD CONSTRAINT `fk_contas_a_pagars_contas_pagas` FOREIGN KEY (`contas_a_pagar_id`) REFERENCES `contas_a_pagars` (`id`);

--
-- Restrições para tabelas `user_acls`
--
ALTER TABLE `user_acls`
  ADD CONSTRAINT `fk_user_acls_acl_ref` FOREIGN KEY (`acl_id`) REFERENCES `acls` (`id`);

--
-- Restrições para tabelas `valores_contas_a_pagars`
--
ALTER TABLE `valores_contas_a_pagars`
  ADD CONSTRAINT `fk_contas_a_pagars_valores_contas_a_pagar` FOREIGN KEY (`contas_a_pagar_id`) REFERENCES `contas_a_pagars` (`id`);
COMMIT;

/*!40101 SET CHARACTER_SET_CLIENT=@OLD_CHARACTER_SET_CLIENT */;
/*!40101 SET CHARACTER_SET_RESULTS=@OLD_CHARACTER_SET_RESULTS */;
/*!40101 SET COLLATION_CONNECTION=@OLD_COLLATION_CONNECTION */;
